Family,Congener,DF_Total_pct,Det_Total_n,DF_Car_pct,DF_House_pct,DF_Office_pct
APs,ATBC,100.0,44,100.0,100.0,100.0
APs,ATEC,88.63636363636364,39,83.33333333333334,87.5,100.0
APs,BTHC,100.0,44,100.0,100.0,100.0
APs,CDPHP,100.0,44,100.0,100.0,100.0
APs,DBS,70.45454545454545,31,66.66666666666666,70.83333333333334,75.0
APs,DEHA,100.0,44,100.0,100.0,100.0
APs,DIBA,34.090909090909086,15,16.666666666666664,33.33333333333333,62.5
APs,DINCH,75.0,33,75.0,87.5,37.5
APs,THTM,95.45454545454545,42,83.33333333333334,100.0,100.0
APs,TOTM,100.0,44,100.0,100.0,100.0
PFRs,BDP,93.18181818181817,41,91.66666666666666,91.66666666666666,100.0
PFRs,EHDPHP,100.0,44,100.0,100.0,100.0
PFRs,RDP,100.0,44,100.0,100.0,100.0
PFRs,TBOEP,97.72727272727273,43,91.66666666666666,100.0,100.0
PFRs,TBP1,90.9090909090909,40,83.33333333333334,95.83333333333334,87.5
PFRs,TBP2,93.18181818181817,41,83.33333333333334,95.83333333333334,100.0
PFRs,TBuPhP,100.0,44,100.0,100.0,100.0
PFRs,TCEP,100.0,44,100.0,100.0,100.0
PFRs,TCIPP,100.0,44,100.0,100.0,100.0
PFRs,TDBPP,11.363636363636363,5,16.666666666666664,12.5,0.0
PFRs,TDCIPP,34.090909090909086,15,66.66666666666666,20.833333333333336,25.0
PFRs,TEHP,100.0,44,100.0,100.0,100.0
PFRs,TEP,31.818181818181817,14,41.66666666666667,25.0,37.5
PFRs,TPhP,97.72727272727273,43,91.66666666666666,100.0,100.0
PFRs,TpTP,100.0,44,100.0,100.0,100.0
PFRs,V6,38.63636363636363,17,41.66666666666667,25.0,75.0
PFRs,iDPP,100.0,44,100.0,100.0,100.0
PHs,BBzP,100.0,44,100.0,100.0,100.0
PHs,DEP,95.45454545454545,42,100.0,91.66666666666666,100.0
PHs,DIDP,100.0,44,100.0,100.0,100.0
PHs,DINP,100.0,44,100.0,100.0,100.0
PHs,DMP,95.45454545454545,42,100.0,91.66666666666666,100.0
PHs,DPP,75.0,33,66.66666666666666,75.0,87.5
PHs,DiBP,100.0,44,100.0,100.0,100.0
PHs,DnBP,100.0,44,100.0,100.0,100.0
