Compound_1,Compound_2,Spearman_r,p_value
TBP1,TBP2,0.9561447016404702,5.107041445484645e-24
BDP,RDP,0.7151113688190793,4.928172688695247e-08
CDPHP,DINP,0.7145877378435517,5.09261838907352e-08
CDPHP,TPhP,0.6887949260042283,2.3571674913148782e-07
BTHC,BDP,0.6826896036252319,3.3119327559712626e-07
DEHA,TPhP,0.6782241014799153,4.2257114322908845e-07
DIDP,DINP,0.6546863988724453,1.4285397759087693e-06
DiBP,DnBP,0.6513037350246651,1.687227710324774e-06
BTHC,CDPHP,0.6420014094432699,2.638875653919947e-06
CDPHP,RDP,0.6370683579985905,3.3251965043638235e-06
ATEC,DnBP,0.6339916950291968,3.833063182207758e-06
DINP,DiBP,0.6208597603946441,6.9123184664742094e-06
ATEC,CDPHP,0.6132582625110007,9.607217513945686e-06
iDPP,BBzP,0.6074700493305144,1.2274181749882527e-05
TCEP,V6,0.6071678633161725,1.243053125536696e-05
ATBC,DnBP,0.6062015503875968,1.2942861648009095e-05
RDP,TPhP,0.6036645525017619,1.4381680522980475e-05
DIBA,DnBP,0.6020339147322272,1.538251326494789e-05
THTM,DPP,0.6004656191824103,1.64050185473813e-05
CDPHP,DEHA,0.5997181113460183,1.6914011317638054e-05
TOTM,TpTP,0.5902748414376321,2.472041470774444e-05
TOTM,DINP,0.5774489076814657,4.0625159268936044e-05
BTHC,THTM,0.575073117803024,4.443957910339525e-05
THTM,RDP,0.5734522009268636,4.7226788328518165e-05
BTHC,RDP,0.5726568005637773,4.865207368617459e-05
TBuPhP,TEHP,0.567582804792107,5.870776716802306e-05
TBOEP,DiBP,0.5656095842142354,6.310542743708127e-05
CDPHP,TCEP,0.5651867512332628,6.40859992568796e-05
CDPHP,TOTM,0.5640591966173361,6.676914555111796e-05
DBS,DPP,0.5613832709462927,7.355145993644933e-05
CDPHP,DIDP,0.5596899224806201,7.816154899973136e-05
TBOEP,TBP2,0.5582182181201565,8.238026514253071e-05
CDPHP,DiBP,0.5572938689217759,8.513485834679814e-05
CDPHP,DEP,0.5531555026514626,9.85245514407034e-05
ATEC,TPhP,0.5519042275081751,0.00010293455208846143
TPhP,iDPP,0.5503875968992248,0.00010851994439658865
TOTM,DIDP,0.5470049330514447,0.00012198240275508683
DEHA,DiBP,0.5451726568005637,0.00012989155605171217
TBuPhP,DEP,0.5413862366376017,0.0001477289233223705
CDPHP,THTM,0.5372987071238057,0.0001694538347855954
DEHA,iDPP,0.5323467230443973,0.00019962881372400672
EHDPHP,TPhP,0.5302325581395348,0.00021393156264035303
CDPHP,DnBP,0.5269908386187455,0.00023766823703957437
ATBC,DiBP,0.5255813953488371,0.0002487114578896627
BTHC,DINP,0.5183932346723044,0.0003125799332660603
TBuPhP,DINP,0.5167019027484143,0.00032960863155489156
TBP2,TEHP,0.5153651023856799,0.00034365457512359777
ATBC,BTHC,0.5141649048625793,0.0003567222456707655
TCEP,DEP,0.5138306497428735,0.0003604404151651975
CDPHP,BDP,0.51339160363475,0.0003653772801210439
EHDPHP,DEP,0.5128440046878193,0.00037162007230494146
DINCH,TBOEP,0.512005919635364,0.00038136060244803446
THTM,TOTM,0.5104478666969733,0.0004000816951485551
TPhP,DiBP,0.5092318534178999,0.00041526315717858436
BTHC,TOTM,0.5086680761099366,0.0004224759421661383
TOTM,BDP,0.5022554321116459,0.0005128180860584988
BTHC,TPhP,0.5010570824524313,0.0005315064195450204
TBuPhP,DiBP,0.5000704721634954,0.00054734901846826
