sample_id,ATBC,ATEC,BTHC,CDPHP,DBS,DEHA,DIBA,DINCH,THTM,TOTM,BDP,EHDPHP,RDP,TBOEP,TBP1,TBP2,TBuPhP,TCEP,TCIPP,TDBPP,TDCIPP,TEHP,TEP,TPhP,TpTP,V6,iDPP,BBzP,DEP,DIDP,DINP,DMP,DPP,DiBP,DnBP
1,53754.33386032514,406.81040660231406,30.994738090262572,524.4066264855288,21.668860388921843,70252.48404834363,3.2883741717226753,4276.419236529813,3.2289562495253303,16155.558687875024,67.27028071478327,333.7415346358046,25881.699675093965,130384.21210018468,44.229260839554456,44.03174728501983,16.334262471093112,259.4566333232414,223.20224493894332,0.033884359336783194,304.34711526135595,191.46897877861184,31.211144742779613,17423.434837040208,43.125478691324716,6.95733941741047,1185.7570354431637,19443.2161560996,1368.861785999462,50580.502341845066,216782.47617698048,2.37785685265883,0.9321703995163666,13728.800470658762,22426.888948119646
2,68150.84554837777,51.91407945148486,2485.363689890412,318.2393907600652,694.6963800138111,46651.38419243291,3.2883741717226753,1801858.0910899173,28.633205964568983,102958.95549472142,4026.047836029586,360.71407049135286,518.4028528102135,790471.7227813716,108.00470718389647,100.16604429722416,53.80520747927311,4677.992146914478,6451.754538300927,0.0,1238.423289891092,275.6988394919413,31.211144742779613,1568.3635667885108,112.33563958266312,61.79414704883446,608.861045966252,57338.84185586129,3332.725989761853,39012.83733526587,231072.02409566302,4.6787255770027745,13.391638272382306,16265.919734000809,21695.07652754165
3,135011.8279435619,11.661723388832433,692.6631321527628,461.701223709472,597.4955164683784,187060.0468933881,20.51642942732376,2256384.5288044573,6.165560720928442,16801.799101497923,329.8389305836279,327.60458802512665,80.05950725633116,865647.5313664027,70.82625543172846,64.11995682206343,8.808921307793637,3985.7110593547895,1289.9125107222526,0.0,304.34711526135595,127.24507876202308,31.211144742779613,1523.8177129928201,111.7569752792229,6.95733941741047,488.8164278116557,1213.0173569903675,1202.5445787943481,33261.85718814769,270788.29468949913,1208.8164380905541,1.3448299772196766,60810.5414338901,10265.58665823734
4,21773.83089024625,60.752958120946644,76.92579713620214,238.20059833517834,7.832016565306228,4527.633701116218,3.2883741717226753,294219.56018264167,8.41024367897274,7770.429931360951,523.5964176264204,224.22159419069118,350.6835089956539,80397.36739398075,136.25975148753596,140.7073542891511,30.403358470738013,325.4863016633923,2332.5957991845653,0.0,304.34711526135595,270.5508061434799,31.211144742779613,495.5015232996358,56.27567606232161,6.95733941741047,130.77175153503612,2380.545789170603,2714.8347299889588,21014.23864841381,138281.96894844354,221.85128685844256,0.08541917295366827,5478.705622715993,69969.01637624545
5,34339.39853639531,12.757507782373255,51.96190842977559,53.52275487306042,7.832016565306228,6451.122430021241,3.2883741717226753,52402.858931704206,6.716652650091832,13228.901139632571,42.63969014357383,156.67403891583496,229.47968752878643,5446.022985917025,64.60996369290775,69.64033573217041,6.1384756977696195,67.13360399819886,1036.0167760813401,0.0,304.34711526135595,164.2193138111969,31.211144742779613,351.72972135241804,17.506753147140426,6.95733941741047,152.71216174403324,27826.11492268697,1245.8495582676217,24152.469476726346,124005.05849005903,18.44241890698029,0.08541917295366827,5334.281119085759,12135.728864364612
6,984.2844012604751,277.28976769196305,112.53752269149959,10983.076403192788,7.832016565306228,67992.6696165573,3.2883741717226753,44200.897597386924,5.07743914795421,24180.644323954188,44.80643319050817,450.46757503815917,25.392822579653405,13225.194730048608,53.979886583548186,52.98584906204927,1468.2745953681601,556.1744022434566,52195.95729991409,0.0,304.34711526135595,173.28465697687923,31.211144742779613,19622.977664819362,270.0116845045772,6.95733941741047,666.6509651539657,25190.132351846856,4526.600082164389,886534.8932101728,1821755.1617286524,218.62414866070947,0.08541917295366827,71484.50206401429,39099.99676275893
7,69421.97327339834,28.927410470518026,1286.1860524108615,589.5833394766192,152.65307687716992,37844.36849135291,13.418352832483466,1923514.12925255,12.077462120959375,100133.79623261013,1585.0513141266565,1762.4720423920255,244.18094013443834,691110.8539289102,76.27323705553812,82.23558996154706,60.164341402172894,6431.0083395914335,5703.479660727292,0.0,304.34711526135595,325.0779974375208,31.211144742779613,1949.0587461416487,126.55652793090616,69.60551500196068,314.7170493337141,14738.542996354525,5975.774366083788,31488.46650592681,402553.56318841083,1261.2704655217235,12.278957524246353,12559.556670738446,37239.52477099237
8,261156.9313450764,48.95911343009807,1134.7848770658763,580.8650220468686,19.465451081358264,40238.86172914781,263.9387489021183,246090.73950007613,3.104775249203164,19441.436506169346,501.8059810394481,194.6457773838345,79.42575381771107,592781.9741149166,135.55320192747917,133.8923014066268,19.7942308125855,512.9917288631989,4830.8537735688815,0.0,304.34711526135595,118.7478866525188,186.6688971221277,1113.0936776942237,36.88261991791729,6.95733941741047,149.04029051978637,910.4727066592767,6406.363622689895,262486.6030327753,1650752.3229378306,7424.37712172763,0.08541917295366827,8952.663746080334,59998.621232597296
9,9532.370245201468,7.944008858106291,119.71380907238179,288.692339325401,194.43616364294678,68843.17672133651,3.2883741717226753,4713.6295037795835,64.56431709454965,12677.42767149354,92367.24039790877,1681.9455744140782,443.44713499788185,8756.597396382098,46.13185933980474,48.758452105431985,5.185907553196607,135.80033643424352,655.7330872206347,0.0,304.34711526135595,231.84285518736235,31.211144742779613,7581.325553197081,26.081992386211557,6.95733941741047,2559.0065135599148,3149.7268525726154,2963.688718789949,13171.932064742678,248806.21789337852,283.34455563214374,15.400501922966967,13552.282656592832,29516.38676696129
10,57964.5487175952,82.95777073712442,24.682706797748374,64.18823594988505,86.59031855221293,4169.805084141241,17.687428191093588,7276.106073514451,2.4287475838910066,4279.734947686049,32.12987378345788,788.6016429256476,9.433479201622143,22681.574049238538,21.055790311356997,23.996564344935226,9.737012997016429,3555.1071812766413,472.9174585013102,0.0,304.34711526135595,164.2020458505553,13516.829810873425,665.4318870978965,27.513062467347453,6.95733941741047,99.47523295985357,299.36046382589706,776.0240358176054,26608.485867142066,130537.60681604563,93.24554232544153,3.063973150673018,6789.402638792045,107706.2606126467
11,21197.680392699902,25.271978297638274,305.00946711416617,270.8853751321402,681.7968380940002,9039.404079011176,83.31797127103339,7615.546049454256,1134.6609553206308,14071.48117774199,48.03143943687574,489.1018570224235,9.437482224071234,669490.2940307986,40.954813089382,43.87995329085957,33.644116387163116,961.8380624099013,1106.8741033384238,1.9008819045690095,304.34711526135595,273.729722665765,31.211144742779613,621.3260039560848,90.71466281626229,6.95733941741047,588.8944614013592,3615.444716912574,3904.92464587756,54979.244397806804,409080.31981332845,568.1785510292168,179.1642567324431,30977.637250449483,59863.435407546385
12,5056.651614572108,6.940399880967787,546.2752007369044,124.76223031079216,43.79055390693496,35464.0158861515,58.28067387405608,18753.45274994844,3.155762593640038,7970.956788460589,147.21073607412632,1162.7148045589197,32.50768412679922,247990.24437816726,70.60665176058691,77.16606269022569,28.564557291973266,228.40001667421956,45915.267344869884,0.0,52279.60787149552,253.8940747837525,102.51232580549933,2161.381050882769,72.20282173980779,6.95733941741047,217.46425581076804,11239.127328526065,1910.1865576882435,66897.89421411598,327116.4940859369,322.0401974453969,3.4900738120474233,37585.934282993876,23157.274174509075
13,3606.348574401221,6.011119981652248,39.5304026316469,53.81212285203953,24.96751384229961,11087.340956008527,3.2883741717226753,35564.228977007486,1.026058736276219,1741.521030927093,76.27726945175154,129.74938570427443,13.480729684764405,13600.000117865271,21.912491429815933,24.00439376189308,14.042026264894627,301.2818349191937,22696.159069996895,0.0,1583.3395909240971,242.43818968461903,31.211144742779613,523.0606610409488,11.89145518665979,6.95733941741047,102.4006864339968,3830.7189188746393,2075.2667085944963,24276.784329120856,123382.97784156512,159.92298339018967,6.008095854299782,2943.2585833948874,5620.7598449349125
14,605.984248398309,1.3027344673425951,1.8270485692546081,13.74787799078624,7.832016565306228,1012.369904657004,3.2883741717226753,1589.8670812532766,0.6345196089117578,6804.702439724395,32.12987378345788,27.52560917373202,1.5612316135367366,206.03560403709093,10.406156171114649,9.312115540311941,6.464582022626754,9.19356315728571,27.132775694577326,0.0,304.34711526135595,18.38968717149624,31.211144742779613,65.19913443326408,13.195204789082792,6.95733941741047,24.840944207236497,62.87739002822632,138.44437712148255,7446.996094304196,13138.736838878125,1.561679379350937,2.0814648316782645,184.09719607601167,183.07845672670163
15,3857.60087177698,9.014562316735562,199.51608173765783,60.50730127470407,116.66158716315907,3472.054127563592,3.2883741717226753,9020.289045800064,82.36311951725189,16997.909042829036,298.3066239918941,106.35014643611399,106.83719669653654,78.59427232140371,31.690482431117154,34.05054726670203,14.59837397105547,68.07319007156302,445.3363464354577,9.029439424264858,304.34711526135595,111.90579914905042,31.211144742779613,208.2860133020799,200.85713281052446,6.95733941741047,70.10498076562958,889.5125208103648,802.7990167069669,16889.426922280523,75953.18138304357,159.16296001593423,90.96557052362982,1826.5489895348455,9032.380704559993
16,278.664891249552,1.3027344673425951,14.223437823453176,16.60535192920167,7.832016565306228,1639.846762989753,3.2883741717226753,1589.8670812532766,1.1209360812747655,3247.086742338663,11.662634663402748,29.41316208903527,1.042554900838192,351.5780143116225,31.690482431117154,34.05054726670203,5.386109091850529,293.7336628859131,215.00730989626507,0.0,9183.405031278357,50.523692770788195,31.211144742779613,34.370605296113446,15.16305991550452,6.95733941741047,24.22601353229842,401.5893558834272,184.40922813801888,22213.253124713763,55673.345175936294,18.697725439005737,0.08541917295366827,1457.0389068177783,3362.028982179497
17,3046.0573442352447,15.585701008533277,10.19883167891452,60.392206945177065,7.832016565306228,3851.4511684389563,3.2883741717226753,1589.8670812532766,0.4644541381312071,40206.220789564155,235.9387320024562,262.0706859860257,4.627305093983662,3075.4837514943188,26.246137689575654,30.682769728128186,5.2928429470302545,405.8934220834511,25449.565162831354,0.0,22342.291787936287,112.41423038121381,31.211144742779613,240.22289710108066,201.33850138268912,6.95733941741047,150.49448405721722,2050.30764533086,413.768508471836,1013394.4678008223,214326.4971396279,260.8068664118768,0.08541917295366827,4747.013125948791,4164.852599518943
18,3461.636825157758,3.4203733002827548,113.83941094847513,118.80563581344722,89.03054119663857,5180.706014229525,3.2883741717226753,21467.682265621796,1.13018611095508,32426.5591851567,787.5401641955808,195.28100066578742,19.761971732644483,65.4363543003131,19.235707808451227,18.545850000000858,9.811898940618827,24.14612179180608,454.562846117626,0.0,304.34711526135595,147.01814744013458,31.211144742779613,219.0400611460221,376.55744320233373,6.95733941741047,107.23933225482207,1483.0304633017413,1603.7645218057914,21144.643835842053,356325.85898008675,73.07905018672929,0.08541917295366827,2609.1489925738238,3360.135336964889
19,3418.0897244175826,1.3027344673425951,74.49342951215328,25.176780981946273,7.832016565306228,13149.140833659214,3.2883741717226753,21288.16620409924,0.4644541381312071,39043.38137043823,523.2212807068094,242.5624614598651,24.478793289786626,101.27852359357715,31.690482431117154,34.05054726670203,12.292948471570629,48.430918792414715,3990.4486114345523,0.0,4038.377981363521,142.18766102561733,31.211144742779613,725.7385125052555,300.86202712206557,6.95733941741047,132.0639066612563,1719.7301526054239,289.245585107803,31281.180880898235,82117.92660163333,50.99999015256255,0.08541917295366827,3028.374254671954,1344.495614974619
20,33278.878450055694,161.74326983475524,1589.824795229263,554.0459950434291,7.832016565306228,12319.769660841966,30.529994797101015,1589.8670812532766,54.86277352650783,244797.2329334183,66083.1488242107,524.9010181920407,2420.374733269506,812.6358558186834,27.395338447582763,27.958906574029715,17.191093698015873,1527.9112642521945,1029.307016308041,0.0,2099.8257662525416,241.55292462349337,3948.532290485391,4269.924359061228,188.31427184620634,25.551901745189433,121.30596946674912,13211.583607525918,1248.493944968678,104407.30220542527,335477.0232085539,1004.5082623054511,0.08541917295366827,8021.141725087829,34110.86931144306
21,109267.39614231327,1.3027344673425951,1154.3869197720373,58.34474785612577,7.832016565306228,19495.023928632054,26.40378043325467,4469.363747283211,1.6725549518168779,4390.1489386549465,329.8467360115422,91.09646545743192,67.8258347755878,324.9896060950031,135.14100473397752,42.85897702275959,4.656186554807704,3.478638912814286,99.10147816898188,0.0,304.34711526135595,103.66661873183595,16976.349569915583,2293.6319348442203,12.654740211730486,6.95733941741047,91.15344119053239,1064.2465384271038,138.44437712148255,29382.79026989533,109897.458535242,1.561679379350937,0.08541917295366827,6104.45880968132,10949.76913924062
22,15310.912898570034,18.7448457604269,3006.8545611018326,435.9311242168811,52.24271520463196,87803.62561020123,3.2883741717226753,1589.86708125328,8.75928431779754,32903.55392454026,1574.8614914973145,438.0537592759126,1302.6953081399404,593.5939770818683,22.05024654259059,19.846986944066725,19.807783219006655,3391.898751316515,1279.874273072785,0.0,304.34711526135595,177.83025842977273,31.211144742779613,1245.0001249897834,41.69172563025511,6.95733941741047,353.1166160139416,5158.700783741649,17665.03825811601,38627.90473495621,156454.64700067314,248.65828042836546,1.6216116021958344,4174.741157741566,7183.884158285188
23,7680.005278120768,22.391519871545473,56.90538511675504,51.95296589340891,26.558266681099937,9535.616697203975,3.2883741717226753,1589.8670812532766,3.606400680771105,9368.631181010285,105.67048064752593,136.86347035189337,20.529112388042982,522.1583538173938,22.102338867322327,21.43844888662077,66.93971667562535,59.252557739438586,595.3183832271616,0.0,304.34711526135595,154.0201236586201,31.211144742779613,597.0793272846126,27.631843167585586,6.95733941741047,340.7384038442172,4487.42770323924,1954.8882156835587,48316.04324819506,225372.75543423032,191.5820132361895,3.2507977917699464,24870.62531130511,20836.66808399178
24,610231.133889511,316.2546936217005,18562.468254011263,12391.030614421446,98.09735787801726,54180.86088995568,113.94863615185332,5722.967162396401,23.507355072898424,226266.2613127031,15483.97273147236,485.5541841875654,6014.780982459063,457.83945301751686,49.15507148956295,53.77538062873411,38.33763867435529,682.1625656854941,2754.3865069296635,0.0,304.34711526135595,328.8098951856594,31.211144742779613,25749.486210462226,803.6260784687236,50.550636719570335,274.48110891918896,6404.543383274588,10893.937596580712,400525.80594501476,988087.1170788861,118.44034314610715,20.823096681781617,15429.115406799618,35493.189367807696
25,10165.737157571764,40.927676665257515,86.28378662774114,122.01298399929411,84.68045580053764,27586.700052042605,3.2883741717226753,7206.879510074571,7.115491561285258,13308.269010912883,92.73695532553575,1116.7353478746832,32.50744650872737,5331.108575427682,178.06879167794415,185.8296212504185,1395.946321356681,5341.500198664034,2794.22494619976,0.0,304.34711526135595,252.62969630618525,123.15850164087131,18985.44710103791,84.31974788000964,2393.0021309237013,665.4234860109918,8784.595270277934,5455.025870870618,45284.40762936089,242111.1564723341,124.49676676115153,5.268982964178487,6953.193307976298,7509.270165801308
26,53504.330146079155,72.98335521091634,8318.544900938245,568.0276757723872,7.832016565306228,55956.504599263855,3.2883741717226753,32417.136635095565,29.88217097479154,127783.61154939761,647.9034141258651,273.4162951388789,192.8661396817497,893.7633930037907,29.40478768790195,28.67476020824423,317.62491064170234,517.2042165716267,2226.3082847677674,0.0,304.34711526135595,437.1114806494203,31.211144742779613,6646.239533614894,87.37870457720337,48.701390888170515,495.0980103128958,9568.320693224672,1373.130347961699,120583.44070115554,516866.8571472315,108.93719094172947,14.157321239257191,17507.58793780184,7353.921009776274
27,7651.525224871694,19.304751547873387,164.04996822629676,70.75533010954591,14.796113698206646,6304.970272645838,3.2883741717226753,5951.877818775904,1.290001675201654,8252.088954425699,192.3003820380298,91.90370899398039,18.548305904018974,350.3767873591519,21.37612312373376,22.873645620596285,19.991516858161273,56.26043260199767,1025.2008478547402,2.5566101250585684,304.34711526135595,1336.406139972761,31.211144742779613,534.9480103467636,35.94181932902044,23.047132430336077,264.65766028863356,4267.79857851418,1177.6204965293198,28754.97870558101,118812.24491372812,75.93380349062329,4.2565983003814925,3910.7523058477027,8184.516706562713
28,51586.21111423526,29.179274710989525,122477.26790125457,356.3911931951509,28.92133753153392,88426.10268140375,14.001747207816779,5150.419683764036,4.572652689357349,79985.25158590847,3322.7054094329187,4113.435293518333,610.3946808269179,677.0958776349883,43.205371251357526,46.41323405962629,28.7102659165364,333.0150124852713,1251.1801308854092,0.0,304.34711526135595,255.36712295309974,31.211144742779613,1380.0584107612692,51.487199003520104,25.75305369185083,221.53886832475771,4168.999609130566,890.0117758657095,187678.6183878897,450488.03922068834,226.27820699713632,6.986373558220801,7779.627286543004,28331.665352266875
29,9294.838628432939,14.340835249843165,129.6105846172973,95.46540235409961,7.832016565306228,22431.590502026236,3.2883741717226753,5915.681372482485,9.641026200513089,43738.418805586814,263.19003006868604,367.7318345919369,26.736988604812826,5826.777557939122,326.71229509501126,349.0203597562251,47.80033193091122,5385.167043203114,550.2576330292388,3.0192528049348666,304.34711526135595,385.78649276737536,168.13319406428135,1355.5715894830691,43.24967264212094,68.19065158015992,605.4693182503306,21503.862832705698,2819.926799383754,76195.64497564541,433917.0395257678,2632.602706707343,8.015331356462605,7427.607938365649,9855.654052461632
30,68471.05406797168,2071.122486860447,184.91668883380956,254.32187690624838,49.82230204090553,25169.01050666097,18.65141032237434,932836.0857065141,7.785491370741997,173352.46296931614,535.0340494367576,550.1224285672498,254.95038640551047,1262.0030882533918,83.55898028592301,90.45394260139581,24.036424225925277,373.14352777367975,11126.033456253017,0.0,304.34711526135595,467.7758301604253,31.211144742779613,8676.3336745955,63.60717598815274,6.95733941741047,436.65885230628635,10158.475053302413,5445.674307535274,30061.145236484863,147846.19392990504,425.40914798124714,7.097897055963969,12612.2186475684,41797.95802121555
31,15951.266128303749,140.1784960083524,5471.460224740191,193.28743778376128,122.69921357345382,9317.46022433575,26.10566474638627,1589.8670812532766,19.002221736743472,23791.345523111806,1320.7790972024313,650.6026195121814,3556.980845659251,132.78187492465153,31.690482431117154,15.287163663315269,9.65636748713281,5369.636587502444,2317.30065388942,0.0,13293.140251176303,81.9502874053509,623.6735249723282,2642.3758445719964,105.9256388517261,136863.28029572417,967.2349202062563,28110.178039711845,1928.1954780548026,71111.8648679906,254121.98132740293,593.9406005003898,6.82031484442083,2559.7852043980624,78627.64692756088
32,7318.654774378983,3.541270023725721,578.7187265006409,315.14418436654626,68.6167411311655,15826.90602183497,3.2883741717226753,1589.8670812532766,7.790902306466519,28135.29509724175,169.77009505049503,592.1392888410921,34.881372873755865,1545.2029745828656,73.42039164630526,77.57241829824004,14.577595757906337,910.7887289098101,11736.825515217477,0.0,34189.53847687964,246.1111047487439,31.211144742779613,878.8442718104351,40.03815369241552,455.77171794478113,119.55429431392899,8025.147608775807,16871.826611419343,129220.5209421757,252494.317344002,108.66595998106844,20.68221170314671,2545.7683155710574,3527.1986081272385
33,31482.51049749806,1.3027344673425951,131.7026680491374,76.51730800954854,35.05221427660609,139469.30675089482,3.2883741717226753,7091.677305362349,3.4429568914964492,3594.4720928310085,277.340810681033,1116.1011958416439,56.72289056079802,943.6857925257407,20.378831946530926,21.44420065029222,45.752733452658596,978.2721552368009,2377.4349296371624,4.36174219005467,304.34711526135595,264.1139168072853,31.211144742779613,1304.112992922033,59.8525876290094,279.97228346086996,122.76473177811687,1801.2416035545596,1952.430447416578,36716.13913315014,172782.21280898334,156.7306577235728,8.041927759238817,4765.643553691316,7638.51114736102
34,4156.666581770076,4.683365561673457,146.36673986769344,134.1552896597796,43.04210342406839,84659.05501012286,3.2883741717226753,19969.131819384045,28.221116959597957,175202.77181676362,241.6891609233686,627.9777368447825,89.00612118707318,16734.35703285231,237.63492305941753,262.1555994853363,30.37925063531419,326.3838253965779,1717.663584110729,0.0,2714.8309225571243,388.381919177359,31.211144742779613,687.6544003178927,75.3748668290761,61.79189566146923,193.11603678328004,5607.254613189243,1596.6490267225252,168079.4601054069,325282.10146348027,181.5802074604465,14.297499086551818,7609.308116816039,15748.439289112954
35,19732.385115746634,35.3157595122677,156.33637809826857,259.70937963018747,60.744252773907625,158594.67257485268,3.2883741717226753,8528.267631036606,10.993078217796633,57393.46953775367,324.7366702456232,5207.157980889739,97.0256085694834,11261.319437502116,62.8707404733037,60.714332111283184,177.61277134351104,2711.7196954826145,1565.20352876788,0.0,304.34711526135595,765.4259015724114,162.52227435698236,7669.0356101561065,160.1708539284804,34.81303232709519,474.4881973227936,4746.477128976484,3739.1782050626875,85629.68944781473,318770.70425716176,259.7242927577311,2.9478346674176046,4645.609968634007,18634.664205489484
36,1870.0391858945363,63.73397563812599,847.2068038170183,478.4466909778862,13.005086541218374,7588.6293385184135,3.2883741717226753,1589.8670812532766,9.236819036928933,49773.15192803139,12241.044124310993,150.77434657249268,14653.875812817465,225.91800132594997,20.73869497176392,21.64653505438297,11.820327304171592,1279.4449315940647,5200.6840328766075,0.0,304.34711526135595,95.54197511992511,112.19006182779626,3253.3167364187348,430.51087807795875,53.816326491364066,171.4698221073897,26638.632164625287,485.421676861289,71939.59194444123,185654.343215318,520.3114281905555,6.565763337750914,2454.5052274020095,6807.7374006045875
37,14233.856296089687,13.267584291591474,44.08032199665559,118.41690484161516,35.97204166595284,18777.699161841174,3.2883741717226753,2757.830047380354,2.4702866955462617,14939.597435109155,56.31699081645692,1178.5123886184765,198.174824315825,101034.06140215241,116.36533271475587,118.20449366333092,16.248309200535132,141.5536746743889,4730.990234454337,0.0,304.34711526135595,336.5494212440954,31.211144742779613,1072.2636866587552,57.091573577473866,6.95733941741047,276.6918399661319,19609.576322152698,1580.0124807390564,71133.67646578481,155467.84881021112,1766.7592767577892,0.08541917295366827,6708.370538909727,15941.530030444932
38,9503.79830142273,9.737954895673072,347.27632907849153,177.137385835345,112.39170895547761,57738.87679920093,55.19688667314302,1589.8670812532766,5.768860420847152,17318.389055386047,1837.598860637921,118.12178374449866,161.80482868608854,591.5740878034115,36.11095754957406,33.40619758531365,38.805916675592464,233.46624799412095,2250.641072930787,0.0,304.34711526135595,247.50363485947284,31.211144742779613,658.597819408612,107.90965826780226,6.95733941741047,2364.6467214211984,72505.87253185555,1552.0909456271404,72712.6376187019,252959.980313271,1482.2063635993763,8.46743636082051,5302.634497555923,10371.118647643721
39,5619.432067569392,61.200402035063,39.09827502303351,47.713641373676346,7.832016565306228,5285.477641478378,3.2883741717226753,8533.044864778949,3.8954482323867703,8949.849013515792,52.30423190623907,78.41929562592476,16.484371157719266,3503.0483406817566,620.4757614274039,661.262055432809,10.558230290538528,100.78950616572537,876.8769564634808,0.0,12395.923935586208,398.1321784941672,31.211144742779613,581.3783406424316,11.322683898911166,6.95733941741047,429.8067556418836,2495.1183306922203,564.1290655193658,17129.232403576472,153731.7781145794,182.86355138809196,3.3000263808434904,2914.540053171118,3993.655575330057
40,7138.211003450558,11.893713473695954,179.66768982770355,106.02121615305758,15.066485117774722,9593.967514797368,404.78416608625383,6985.603719569403,20.100169942729597,121660.65988601095,32.12987378345788,338.2160982021834,5.3860318489229195,1353.6291936685961,129.02630052704183,162.46472321826937,14.761976227161517,129.11026051911458,39226.358151672495,0.0,8198.526990378852,407.9452570845973,2227.414564303264,459.0079988907604,61.19208281303594,6.95733941741047,107.73963725305481,9242.238608275933,736.4805829860459,29614.257250839903,436952.69187741657,3796.019078440039,8.748992567815769,15187.12612006692,22989.067967190993
41,5981.089208582,5.063238032872731,87.93042953035531,66.07469257078999,36.630443933306275,15895.912134570875,3.2883741717226753,9892.352708199804,1.0385928294880973,32158.83895930858,40.878432186876765,403.5564209489149,18.977261465683835,113702.31695015056,146.71384957794018,150.8436082369735,21.285212593403365,1189.3947806972824,5858.3408134339825,0.0,3423.8786122153774,577.5886812799378,2181.353102167443,596.2899001171304,26.69322649227715,6.95733941741047,607.1650498572753,24087.421977537244,5667.723039077563,103974.48576649265,214655.53498010454,615.0810953691092,4.282485420526375,4960.351270722034,7378.637948578527
42,71837.61882384267,26.269278174382887,511.9031206730626,126.04935836139518,37.623892928729184,110223.60691658349,3.2883741717226753,16705.90665033856,1.4326861853433488,5773.679244671678,168.60563577005715,415.7080930489424,18.909119501234816,461417.1322934888,25.628926321864654,25.594752938472777,18.083909016207,339.3878941092246,609.6175028375317,0.0,304.34711526135595,477.5033920310642,142.13144207535632,1519.1087899882302,185.98805959045885,28.126416624382404,433.02367374853924,2588.998512066707,3191.7017295723645,79579.54763301999,223271.38742752722,268.81014962850367,0.9416787051135278,9190.010713907519,23184.524191392327
43,19157.94290642993,87.55102744762755,125.87554648345736,1893.279219228995,63.79978182318722,31533.557087118978,793.8700079541081,15674.085414266874,2.871491236142585,35504.239665112524,87.60448802487431,1466.4317787578227,34.5955072537279,16950.733498115394,481.0543400726613,527.9087825497775,28.407798156115774,2863.3756006922767,47207.08230318263,0.0,69975.39518973911,1414.574298578826,766.9079189355018,1345.3087364455296,135.790381033135,74.36718964125394,795.8447953719265,25469.671997030317,5475.983253371816,118944.92084410273,349693.3831137943,1624.8771480927999,9.832170951462412,53711.42866242715,54897.76619148931
44,4572.229740474213,1.6387038761360904,33.535930171397624,71.33101444262105,7.832016565306228,5653.062224785124,3.2883741717226753,1589.8670812532766,1.5679812128377932,9518.003837219409,235.02228823731215,1698.8034544966301,28.939263438805888,1634.6260254882977,48.06604185938781,49.84082383969716,5.26068819687117,61.74715884788877,42644.826728468375,0.0,1725.8778131259608,233.3256890091399,31.211144742779613,661.235299338181,31.82656693358604,6.95733941741047,246.04998197348698,1192.9329105761205,2481.0012256920418,13080.32474428945,180501.04261996542,148.5254668714525,2.3350639339915467,1759.4941363223445,2406.6711969559165
