acronym,family,loq_nominal_ng_g,loq_imputed_sample_ng_g
ATBC,APs,154.21034491652247,154.21034491652247
ATEC,APs,1.469751706745492,1.3027344673425951
BTHC,APs,0.2888729738270511,0.2888729738270511
CDPHP,APs,0.4983212015199101,0.4983212015199101
DBS,APs,11.116410608821742,7.832016565306228
DEHA,APs,212.5197818703736,212.5197818703736
DIBA,APs,9.645897570386515,3.2883741717226753
DINCH,APs,2119.822775004369,1589.8670812532766
THTM,APs,0.4865710018517408,0.4644541381312071
TOTM,APs,0.8684682896572876,0.8684682896572876
BDP,PFRs,34.48084015785724,32.12987378345788
EHDPHP,PFRs,4.674458498483835,4.674458498483835
RDP,PFRs,1.4001583832376043,1.4001583832376043
TBOEP,PFRs,80.42204609632007,78.59427232140371
TBP1,PFRs,11.446771788226114,31.690482431117154
TBP2,PFRs,9.993489848139644,34.05054726670203
TBuPhP,PFRs,0.18513744066322288,0.18513744066322288
TCEP,PFRs,0.36342316854723833,0.36342316854723833
TCIPP,PFRs,0.8863642621365853,0.8863642621365853
TDBPP,PFRs,0.29818236216369215,0.0
TDCIPP,PFRs,892.7515380999776,304.34711526135595
TEHP,PFRs,1.7124113334686875,1.7124113334686875
TEP,PFRs,98.09216919159307,31.211144742779613
TPhP,PFRs,36.88552763485345,34.370605296113446
TpTP,PFRs,0.044154674458416567,0.044154674458416567
V6,PFRs,18.007231433297687,6.95733941741047
iDPP,PFRs,0.6599253750422501,0.6599253750422501
BBzP,PHs,2.4043134285125585,2.4043134285125585
DEP,PHs,145.0369665082198,138.44437712148255
DIDP,PHs,6.472140968819817,6.472140968819817
DINP,PHs,1698.2726451909668,1698.2726451909668
DMP,PHs,1.636045064081934,1.561679379350937
DPP,PHs,0.11054245911651188,0.08541917295366827
DiBP,PHs,100.85550176040093,100.85550176040093
DnBP,PHs,100.85550176040093,100.85550176040093
